Word 1,Word 2,Word 3,Word 4,Manual/Random,Correct,Score,Answer
apple,red,green,banana,M,"w2, w4",1,"Sure! I would be happy to play that game with you. After some thought, my answer is ""red"" because it is a color rather than a fruit like the other three words. While all four words are related to nature or food, only ""apple"", ""green"", and ""banana"" refer to specific types of fruits while ""red"" refers to a color that can be associated with many different things."
car,tiger,house,table,M,w1,2,"Sure, I'd love to play that game with you! The word ""tiger"" does not belong because it is an animal while the other three words (car, house, and table) are objects or items associated with humans. Animals do not typically have man-made objects like cars or houses, nor do they use tables for eating or working."
lion,tiger,snake,cat,M,w3,2,"Sure! I would be happy to play this game with you. After considering the given options, my answer is that ""snake"" does not belong. This is because lions, tigers, and cats are all mammals and have fur or hair, while snakes are reptiles and do not possess fur or hair. Additionally, lions, tigers, and cats are carnivorous animals that primarily hunt for meat, while snakes are known for their ability to consume large prey such as rodents, birds, and even other snakes."
cat,dog,bicycle,bed,M,"w3, w4",1,"Sure, I'd love to play that game with you! The word ""bicycle"" does not belong because it is a man-made object while the other three (cat, dog, and bed) are natural objects."
cat,dog,bicycle,chair,M,w3,0,"Sure, I'd love to play that game with you! The word ""bicycle"" does not belong because it is a man-made object while the other three (cat, dog, and chair) are all natural objects."
run,drive,flower,dive,M,w3,2,"Sure! I would be happy to play this game with you. After analyzing the given words, my answer is that ""flower"" does not belong as it is not a physical activity or transportation like the other three words. The word ""run"" refers to physically moving one's body at a fast pace, while ""drive"" involves operating a vehicle. Similarly, ""dive"" means jumping into water and swimming underwater. On the other hand, ""flower"" is a type of plant that grows in soil and blooms with colorful petals. Therefore, it does not fit into this category of words related to physical activities or transportation."
car,drive,tire,tv,M,w4,2,"Sure! I would be happy to play this game with you. After analyzing the given words, my answer is ""tv"" because it is not related to transportation like the other three words (car, drive, and tire). While cars, drives, and tires are all associated with vehicles and their movement on roads, TV stands for television which is an electronic device used for entertainment purposes."
lamp,table,chair,mugg,M,w1,0,"Sure! I would be happy to play this game with you. After analyzing the given words, I believe that ""mugg"" is the one that doesn't belong. The reason for this is that all the other three words (lamp, table, and chair) are objects used in a home or office setting, while ""mugg"" is an object typically used for drinking coffee or tea. Therefore, it seems out of place among the other items on the list."
apple,red,green,rainbow,M,"w1, w4",0,"Sure, I'd love to play! The word that doesn't belong is ""rainbow"". While all the other words (apple, red, and green) relate to colors or objects found in nature, a rainbow is actually an optical phenomenon caused by sunlight refracting through water droplets. It's not something you can find as a physical object like an apple or a color like red or green."
rainbow,red,green,apple,M,"w1,w4",0,"Sure! I would be happy to play this game with you. After considering the given options, my answer is that ""red"" does not belong as it is a color while the other three (rainbow, green, and apple) are objects or concepts related to colors."
plant,run,leaf,flower,M,w2,2,"Sure! I would be happy to play this game with you. After considering the given words, my answer is ""run"" as it is a verb that refers to physical movement while the other three words (plant, leaf, and flower) are all related to nature or botany."
mouse,car,cat,dog,M,w2,2,"Sure! I would be happy to play that game with you. After some thought, my answer is ""car"" because it is not a living creature like the other three words (mouse, cat, and dog). Cars are man-made objects used for transportation, while mice, cats, and dogs are all living animals."
airplane,car,cat,dog,M,w1,0,"Sure! I would be happy to play this game with you. After considering the given options, my answer is that ""cat"" does not belong. This is because all three other words - ""airplane"", ""car"", and ""dog"" - are man-made objects or inventions, while a cat is an animal that exists naturally in the world."
blue,apple,red,rainbow,M,w2,0,"Sure! I would be happy to play this game with you. After considering the given options, my answer is that ""rainbow"" does not belong because it refers to a natural phenomenon while the other three words refer to objects or colors. Blue and red are both colors, while apple is an object. Therefore, rainbow is the one word that doesn't fit in with the others."
road,car,sign,fruit,M,w4,0,"Sure! I would be happy to play this game with you. After analyzing the given words, I believe that ""sign"" is the one that doesn't belong. The reason for this is that while all the other words (road, car, and fruit) are related to transportation or food, ""sign"" is not directly connected to either of these categories. Signs are typically used to provide information or directions, which may be relevant in some contexts but do not fit into the overall theme of the given words."
tree,road,flower,fruit,M,w2,2,"Sure! I would be happy to play this game with you. After considering the given options, my answer is that ""road"" does not belong. The reason for this is that while trees, flowers, and fruits are all natural elements found in nature, roads are man-made structures created by humans for transportation purposes. Trees, flowers, and fruits are all part of the ecosystem and have a direct relationship with each other and their environment, whereas roads are not."
butter,milk,juice,picture,M,w4,2,"Sure! I would be happy to play this game with you. After considering the given options, my answer is that ""picture"" does not belong. The reason for this is that while butter, milk, and juice are all related to food or drink, a picture is an entirely different concept that doesn't fit into this category."
milk,lamp,juice,butter,M,w2,2,"Sure! I would be happy to play this game with you. After considering the given options, my answer is that ""lamp"" does not belong. The reason for this is that all the other three words (milk, juice, and butter) are related to food or drink, while a lamp is an object used for lighting."
milk,bottle,juice,butter,M,"w2, w4",0,"Sure! I would be happy to play this game with you. After analyzing the given words, I believe that ""milk"" is the one that doesn't belong. This is because all the other three words (bottle, juice, and butter) are liquids or semi-solid substances, while milk is a dairy product that comes from cows. Additionally, milk is typically consumed in liquid form, whereas the other three items are usually used for their liquid or semi-solid properties."
snow,bottle,water,chair,M,"w3, w4",0,"The word ""bottle"" does not belong because it is inanimate while the other three words (snow, water, and chair) are all related to natural phenomena or objects found in nature."
snow,bottle,water,rain,M,w2,2,"The word ""bottle"" does not belong to this group because it is an inanimate object while the other three (snow, water, and rain) are all related to weather or natural phenomena. Bottles are man-made objects used for storing liquids, whereas snow, water, and rain are all naturally occurring substances that can be found in nature."
youtube,red,tv,banana,M,w4,2,"The word ""banana"" does not belong in this group because it is not related to any of the other three words. Youtube, Red, and TV are all related to media or entertainment, while a banana is a type of fruit."
youtube,red,tv,mobile,M,w4,2,"The word ""red"" does not belong in this group because it is not related to any of the other three words - YouTube, TV, or mobile. While all four words relate to media consumption or entertainment, ""red"" is a color and has no connection to these concepts."
mud,dog,flower,bird,M,w1,2,"Sure, I'd love to play that game with you! After thinking about it for a moment, I believe that ""mud"" is the word that doesn't belong in this group. While all four words relate to nature or animals, ""mud"" is not an actual living organism like the other three words are (dog, flower, and bird). Additionally, mud is often associated with negative connotations such as being dirty or unpleasant, whereas the other three words have more positive associations."
mud,brick,flower,bird,M,"w2, w4",1,"Sure, I'd love to play that game with you! After thinking about it for a moment, my answer would be ""brick"" because it is an inanimate object while the other three (mud, flower, and bird) are all living things or natural elements."
cloud,road,rainbow,bird,M,w2,2,"Sure! I would be happy to play this game with you. After considering all four options, my answer is that ""road"" does not belong. While clouds, rainbows, and birds are all related to weather or nature, roads are man-made structures that are typically associated with transportation rather than the natural world. Additionally, roads do not have any inherent connection to the other three words in terms of their physical characteristics or functions."
cloud,rain,rainbow,bird,M,w4,0,"Sure! I would be happy to play this game with you. After considering the given options, my answer is that ""rain"" does not belong because it is a noun while the other three words (cloud, rainbow, and bird) are all adjectives or nouns describing weather conditions or natural phenomena. Rain is a type of precipitation that can occur in various forms such as drizzle, shower, or downpour, whereas cloud refers to a visible mass of condensed water droplets suspended in the atmosphere, rainbow is an optical phenomenon caused by refraction and reflection of sunlight through water droplets, and bird is a type of avian animal."
shirt,rain,jeans,socks,M,w2,2,"Sure! I would be happy to play this game with you. After considering the given options, my answer is that ""rain"" does not belong because it is a weather condition rather than a piece of clothing like the other three items (shirt, jeans, and socks)."
shirt,jeans,bed,socks,M,w3,2,"Sure! I would be happy to play this game with you. After considering the given options, my answer is that ""bed"" does not belong because it is a piece of furniture while the other three items (shirt, jeans, and socks) are clothing items."
shirt,jeans,bed,floors,M,w4,0,"The word ""bed"" does not belong because it is a piece of furniture while the other three (shirt, jeans, and floors) are items that people wear or use on their bodies or in their homes."
radiator,jeans,house,floors,M,w2,2,"The word that does not belong is ""jeans"". Radiators, houses, and floors are all related to physical objects or structures in a building or home, while jeans are a type of clothing."
radiator,grass,house,floors,M,w2,2,"The word ""grass"" does not belong because it is a living organism while the other three (radiator, house, and floors) are inanimate objects."
beach,grass,house,floors,M,w1,0,"The word ""house"" does not belong because it is associated with indoor spaces while the other three words (beach, grass, and floors) are associated with outdoor or interior spaces that have a natural element to them."
beach,couch,house,floors,M,w1,0,"The word ""couch"" does not belong because it is not related to any of the other three words that describe a physical location or object found in a home or building. Beach refers to sandy shores near water, house refers to a dwelling for people, and floors refer to surfaces on which objects are placed. Couch, on the other hand, is a piece of furniture used for sitting or reclining."
beach,water,wave,apple,M,w4,2,"Sure! I would be happy to play this game with you. After analyzing the given words, I believe that ""apple"" is the one that doesn't belong. The reason for this is that all the other three words (beach, water, and wave) are related to each other in terms of their environment or natural setting. On the other hand, an apple is a fruit that grows on trees and has no connection with the beach, water, or waves."
beach,water,wave,sand,M,"w1, w3",1,"Sure! I would be happy to play this game with you. After analyzing the given words, I believe that ""wave"" is the one that doesn't belong. This is because while all four words are related to a body of water or the shoreline, ""wave"" specifically refers to a disturbance in the surface of the water caused by wind or other forces. On the other hand, ""beach,"" ""water,"" and ""sand"" are more general terms that can refer to various aspects of a beach or shoreline environment."
bathroom,house,car,toilet,M,w3,0,"Sure, I'd love to play that game with you! The word ""house"" does not belong because it is a larger structure where people live, while the other three words (bathroom, car, and toilet) are smaller objects or spaces within a house."
bathroom,house,bird,toilet,M,w3,2,"Sure! I would be happy to play this game with you. After considering all four options, my answer is ""bird"" because it is not typically associated with a household or personal space like the other three words (bathroom, house, and toilet). Bathrooms, houses, and toilets are usually found indoors in homes or buildings, while birds are outdoor creatures that live in natural habitats."
bathroom,house,water,toilet,M,"w2, w3",1,"Sure! I would be happy to play this game with you. After considering all four options, my answer is ""water"" because it is a liquid that can be found in many places, including the bathroom and toilet, but it does not refer specifically to those two items like the other three words do."
bathroom,ant,dog,toilet,M,w2,2,"The word ""ant"" does not belong in this group because it is not related to any of the other three words. Bathroom, dog, and toilet are all objects or concepts that are typically found indoors in a home or building, while ants are small insects that live outdoors and often crawl on surfaces."
wind,winter,water,weather,M,"w2, w3",0,"The word ""weather"" does not belong because it is a general term that refers to all the conditions of the atmosphere, including temperature, humidity, wind, and precipitation. It encompasses all four words in this list."
wind,beach,water,weather,M,w2,0,"Sure! I would be happy to play this game with you. After considering all four words, I believe that ""weather"" is the one that doesn't belong. While wind, beach, and water are all related to each other in some way (wind can blow sand on a beach, water can create waves), weather refers to the overall atmospheric conditions of an area, which may or may not be related to any of these three words. For example, it could be sunny with clear skies, or rainy and stormy. So while wind, beach, and water are all associated with each other in some way, weather is a separate concept that doesn't necessarily have anything to do with them."
wind,car,water,weather,M,w3,2,"Sure! I would be happy to play this game with you. After analyzing the given words, I believe that ""car"" is the one that doesn't belong. The reason for this is that while wind, water, and weather are all related to natural phenomena or elements of nature, a car is an artificial object created by humans. Wind and water are forces of nature, whereas a car is something that we use to travel in those environments. Weather, on the other hand, refers to the atmospheric conditions that affect both natural and human-made objects."
train,toilet,house,terrace,M,w1,0,"The word ""toilet"" does not belong because it is not related to transportation or outdoor spaces like the other three words (train, house, and terrace)."
train,ant,house,terrace,M,w2,2,"The word ""ant"" does not belong in this group because it is an insect while the other three (train, house, and terrace) are objects or structures."
train,toilet,bathroom,bedroom,M,w1,0,"The word ""toilet"" does not belong because it is specifically used for a specific function related to personal hygiene, while the other three words (train, bathroom, and bedroom) refer to general living spaces or areas of a home or building."
cable,network,mother,socket,M,w3,0,"The word ""socket"" does not belong in this group because it refers to a specific component or device used for connecting cables or wires to electronic devices, while the other three words refer more broadly to concepts related to communication networks or infrastructure."
cable,lion,socket,electricity,M,w2,0,"The word ""socket"" does not belong in this group because it is not related to any of the other three words. Cable, lion, and electricity are all related to each other as they are components or concepts associated with electrical systems or devices. On the other hand, a socket is an opening in a wall or floor for plugging in electronic appliances, which is not directly related to electrical systems or devices."
cat,electracity,cable,car,M,w1,0,"The word that does not belong is ""cable"". While all four words relate to transportation or communication systems in some way, ""cable"" specifically refers to a flexible conductor used for transmitting signals or power over long distances. It is not an animal like the other three words."
button,electracity,cable,dog,M,w4,0,"The word ""dog"" does not belong in this group because it is not related to technology or electronics like the other three words (button, electricity, and cable)."
airplane,socks,tv,terrace,R,"w1, w2, w4",1,"The word ""sock"" does not belong in this group because it is not related to transportation or outdoor activities like the other three words. Airplanes, TVs, and terraces are all associated with travel, entertainment, or spending time outdoors. Socks, on the other hand, are used for daily activities such as walking or sitting comfortably."
tiger,table,banana,network,R,"w2, w4",1,"The word ""network"" does not belong in this group because it is related to technology or communication, while the other three words (tiger, table, and banana) are all living things or objects that can be found in nature."
bicycle,toilet,socket,bathroom,R,w1,0,"The word ""socket"" does not belong in this group because it is related to electrical wiring or computer hardware while the other three words (bicycle, toilet, and bathroom) are related to transportation, personal hygiene, and a place for bathing respectively."
brick,blue,wave,rain,R,w1,0,"The word ""wave"" does not belong because it is related to water or ocean while the other three words (brick, blue, and rain) are related to land or weather."
mouse,bedroom,socket,bathroom,R,w1,0,"The word ""socket"" does not belong in this group because it is related to electrical or computer technology while the other three words (mouse, bedroom, and bathroom) are related to everyday objects used for personal activities or household purposes."
radiator,blue,wave,tiger,R,"w1, w4",0,"The word ""wave"" does not belong in this group because it is related to water or oceanic phenomena while the other three words (radiator, blue, and tiger) are not. Radiators are used for heating or cooling objects, blue is a color, and tigers are animals known for their stripes."
banana,tv,socket,cloud,R,"w1, w3",1,"The word ""socket"" does not belong in this group because it is related to electrical wiring or plumbing, while the other three words (banana, TV, and cloud) are unrelated to these fields."
bed,flower,button,milk,R,w3,2,"The word ""button"" does not belong in this group because it is not related to any of the other three words. Bed, flower, and milk are all objects that have a natural or biological connection, while buttons are man-made objects used for various purposes such as clothing or electronics."
cable,red,socks,network,R,w2,2,"Sure! I would be happy to play this game with you. After analyzing the given words, I believe that ""red"" is the one that doesn't belong. The other three words - ""cable,"" ""socks,"" and ""network"" - are all related to either technology or daily life activities. However, ""red"" does not have any connection to these themes. It is a color, while the others are objects or concepts. Therefore, it seems out of place in this context."
grass,rain,bicycle,button,R,"w1, w4",1,"Sure, I'd love to play! The word that doesn't belong is ""button"". While all three remaining words (grass, rain, and bicycle) relate to nature or outdoor activities, a button is an object typically used indoors in clothing or electronic devices."
sign,dive,brick,youtube,R,w2,0,"Sure, I'd love to play that game with you! Based on my analysis, ""sign"" is the word that doesn't belong in this group.  The reason for this is that while all of the other words are related to physical objects or actions (diving and bricks being physical activities, and YouTube being a digital platform), ""sign"" is more abstract and refers to a symbolic representation of something else. It's not directly tied to any particular object or action in the same way as the others."
tiger,rain,couch,green,R,"w1, w3, w4",0,"Sure! I would be happy to play this game with you. After considering all four options, my answer is that ""rain"" does not belong because it is a natural phenomenon while the other three (tiger, couch, and green) are objects or concepts associated with nature, furniture, and color respectively. Rain is an event or condition that occurs naturally in the environment, whereas tigers, couches, and green are things that exist or can be found in the world around us."
road,milk,radiator,floors,R,w2,2,"Sure! I would be happy to play this game with you. After analyzing the given words, my answer is that ""milk"" does not belong. The reason for this is that all the other three words (road, radiator, and floors) are related to physical objects or locations in a building or outside environment, whereas milk is a dairy product that is typically consumed as a beverage or used in cooking and baking. Therefore, it doesn't fit into the context of the other three words."
tv,cat,mother,mud,R,w1,0,"The word ""mud"" does not belong in this group because it is not related to any of the other three words. TV, cat, and mother are all objects or concepts that can be found in a household setting, while mud is a natural substance commonly found outdoors."
brick,radiator,wind,youtube,R,"w3, w4",0,"The word ""radiator"" does not belong in this group because it is related to heating or cooling systems, while the other three words (brick, wind, and YouTube) are unrelated. Bricks are building materials used for construction, wind refers to a natural force that can move air, and YouTube is an online video-sharing platform."
car,bathroom,lion,sign,R,"w2, w3",1,"Sure! I would be happy to play this game with you. After considering all four options, my answer is that ""bathroom"" does not belong. The reason for this choice is that while the other three words (car, lion, and sign) are all objects or concepts related to transportation, travel, or communication, a bathroom is not directly related to any of these themes. Instead, it is typically associated with personal hygiene and daily activities. Therefore, ""bathroom"" stands out as the odd one out in this group."
cable,bicycle,table,ant,R,w4,2,"Sure! I would be happy to play this game with you. After analyzing the given words, I believe that ""ant"" is the one that doesn't belong. The reason for this is that while the other three words (cable, bicycle, and table) are objects or items commonly found in our daily lives, ants are living organisms that can be found in nature but not typically associated with everyday objects. Additionally, ants have a different structure and function compared to the other three words which are man-made or naturally occurring objects."
milk,winter,house,flower,R,"w2, w3",1,"Sure! I would be happy to play this game with you. After considering the given options, my answer is that ""winter"" does not belong because it refers to a season while the other three words refer to objects or concepts related to time of year (milk), location (house), and nature (flower). Winter is a specific period of time during which certain weather patterns occur, whereas milk, house, and flower are more general in their descriptions."
drive,floors,shirt,electricity,R,w1,0,"The word ""floors"" does not belong because it is related to physical spaces or structures while the other three words (drive, shirt, and electricity) are related to transportation, clothing, and energy respectively."
weather,mother,drive,tree,R,"w1, w2, w3",1,"The word ""mother"" does not belong in this group because it is not related to any of the other three words. Weather refers to atmospheric conditions, driving refers to operating a vehicle, and trees refer to tall plants with woody trunks. Mother, on the other hand, refers to a female parent or guardian."
snake,youtube,airplane,lion,R,w2,2,"Sure, I'd love to play that game with you! The word ""youtube"" doesn't belong because it is a digital platform or website, while the other three words (snake, airplane, and lion) are all living things or objects."
car,cable,cat,snake,R,w2,2,"Sure! I would be happy to play this game with you. After considering the given options, my answer is that ""cable"" does not belong. The reason for this is that while the other three words (car, cat, and snake) are all living things or objects associated with transportation or animals, cable is an inanimate object used for transmitting electricity or data signals. Therefore, it stands out as the odd one out among these four options."
red,floors,weather,mugg,R,w4,0,"Sure! I would be happy to play this game with you. After analyzing the given words, my answer is ""floors"" as it does not belong to the other three words which are all related to physical objects or natural phenomena. Red is a color that can be associated with various things like fruits, flowers, and clothing. Weather refers to atmospheric conditions such as temperature, humidity, wind, etc. Mugg is a type of container used for holding liquids, typically coffee or tea. All these words are related to physical objects or natural phenomena. On the other hand, ""floors"" refer to the surface on which people walk or stand in buildings or homes. It's not directly related to any of the other three words and is more specific in nature. Therefore, it does not belong to this group of words."
tree,dive,tiger,mouse,R,w2,2,"Sure! I would be happy to play this game with you. After considering the given words, my answer is that ""dive"" does not belong as it is a verb while the other three words (tree, tiger, and mouse) are nouns."
cloud,green,toilet,electricity,R,"w1, w3",1,"The word ""toilet"" does not belong in this group because it is not related to the other three words that describe natural phenomena or objects found in nature. Clouds, green (as a color), and electricity are all associated with the environment or physical properties of objects, while toilets are man-made structures used for personal hygiene purposes."
bird,mouse,airplane,ant,R,w3,0,"Sure! I would be happy to play this game with you. After analyzing the given words, I believe that ""ant"" is the one that doesn't belong. The reason for this is that all the other three words - ""bird,"" ""mouse,"" and ""airplane"" - are animals or objects related to transportation, while ants are small insects that live in colonies and feed on plants and other organisms. Therefore, ""ant"" is not a word that can be associated with birds, mice, or airplanes."
bicycle,wave,winter,lamp,R,"w2, w3",1,"Sure! I would be happy to play this game with you. After analyzing the given words, I believe that ""wave"" is the one that doesn't belong. The reason for this is that all the other three words - bicycle, winter, and lamp - are objects or concepts related to a physical environment or weather conditions, whereas ""wave"" refers to a natural phenomenon in water bodies. Additionally, none of the other three words have any direct association with water, which makes ""wave"" stand out as an anomaly among them."
cloud,grass,socks,cat,R,"w1, w3",1,"Sure! I would be happy to play this game with you. Based on my analysis, the word ""socks"" does not belong in this group because it is a man-made object while the other three (cloud, grass, and cat) are natural objects. Clouds and grass are both part of nature, while cats are animals that have been domesticated by humans for thousands of years. Socks, on the other hand, were invented by humans to protect our feet from cold or wet surfaces. Therefore, socks do not belong in this group as they are man-made objects while the others are natural ones."
network,rain,tire,car,R,w2,2,"The word ""rain"" does not belong in this group because it is not related to any of the other three words. Network, tire, and car are all objects or concepts that are associated with transportation, technology, or vehicles, while rain is a natural phenomenon that occurs during weather conditions."
dog,couch,network,bathroom,R,"w1, w3",1,"Sure! I would be happy to play this game with you. After analyzing the given words, I believe that ""network"" is the one that doesn't belong. The reason for this is that while all the other words (dog, couch, and bathroom) are objects or places commonly found in a household or home setting, ""network"" refers to a system of interconnected devices used for communication or data transmission. It does not have any direct association with physical objects or spaces typically found in a house or apartment."
network,car,tiger,bed,R,"w1, w3",0,"The word ""car"" does not belong in this group because it is not related to any of the other three words. Network, tiger, and bed all have a common theme or characteristic that connects them together, but car does not share this connection."
brick,fruit,sand,run,R,"w1, w4",1,"The word ""brick"" does not belong because it is an inanimate object while the other three words (fruit, sand, and run) refer to living things or natural phenomena."
red,bed,beach,tree,R,"w1, w2, w4",1,"The word ""bed"" does not belong because it is associated with sleeping or resting while the other three words (red, beach, and tree) are associated with outdoor activities or natural elements."
bird,red,jeans,snake,R,"w2, w3",1,"The word ""jeans"" does not belong in this group because it is a type of clothing while the other three words (bird, red, and snake) refer to living things or objects related to nature. Jeans are man-made items that humans wear as part of their daily attire, whereas birds, red, and snakes are all natural elements found in the environment."
bottle,mud,road,dog,R,w4,2,"The word ""mud"" does not belong because it is not inanimate like the other three words (bottle, road, and dog). Mud is a natural substance that can be found on roads or near dogs but it is not an object itself."
dog,fruit,apple,bicycle,R,w4,0,"The word ""dog"" does not belong because it is an animal while the other three words (fruit, apple, and bicycle) are objects or things that humans use."
bed,airplane,road,terrace,R,w2,2,"The word that does not belong is ""airplane"". While all the other words relate to transportation or a place to rest, an airplane is a mode of transportation that allows people to travel through the sky."
radiator,butter,lion,airplane,R,w3,0,"The word that does not belong is ""butter"". While all the other words have some sort of mechanical or animal-related connotation, butter is a food item that has no such association."
cloud,floors,picture,cable,R,"w1, w2",1,"The word ""floors"" does not belong because it is related to physical objects on the ground level while the other three words (cloud, picture, and cable) are related to abstract concepts or objects in the sky or above the ground."
mother,car,bird,mugg,R,w4,2,"﻿The word ""mugg"" does not belong to this group because it is not related to any of the other three words in terms of meaning or context. * Mother refers to a female parent or someone who acts like a mother. * Car refers to a vehicle designed for transportation on roads. * Bird refers to a warm-blooded, egg-laying vertebrate with feathers and wings. On the other hand, ""mugg"" is an informal term used in some parts of the world to refer to a large cup or mug, typically made of ceramic or plastic. It does not have any connection to the other three words which are all related to people, animals, or objects that involve transportation or care-giving."
network,train,butter,terrace,R,"w1, w3",1,"The word ""butter"" does not belong in this group because it is not related to any of the other three words. Network, train, and terrace all have a common theme of transportation or infrastructure, while butter is a food product that has no connection to these themes."
bed,rain,tree,bedroom,R,w3,0,"﻿The word ""bed"" belongs to both the first and third options (outdoor activities and indoor spaces), so it doesn't really fit into either category. The word ""rain"" is an outdoor activity that can occur in any of these four locations, but it is most commonly associated with trees and bedrooms as they are often found near windows or outside areas where rain falls. The word ""tree"" is also an outdoor activity that can be found in all four locations, but it is most closely associated with the first option (outdoor activities) as trees are typically found outdoors. Finally, the word ""bedroom"" is an indoor space that is specifically designed for sleeping and resting, making it unique among these options."
green,socket,juice,weather,R,w2,2,"Sure! I would be happy to play this game with you. After considering the given words, my answer is that ""socket"" does not belong. The reason for this is that all the other three words (green, juice, and weather) are related to nature or food, while ""socket"" refers to an electrical device used in electronics."
banana,cat,milk,bedroom,R,w4,0,"Sure! I would be happy to play this game with you. After analyzing the given words, my answer is that ""cat"" does not belong. The reason for this is that all the other three words (banana, milk, and bedroom) are related to food or living spaces, while ""cat"" is an animal that is often kept as a pet but is not directly related to food or living spaces."
brick,run,apple,socket,R,w2,0,"Sure! I would be happy to play this game with you. After analyzing the given words, my answer is ""socket"" as it is an electronic device used for connecting devices while the other three words (brick, run, and apple) are not related in any way."
lamp,bicycle,airplane,electricity,R,"w1, w2, w4",1,"The word that does not belong is ""bicycle"". While all the other words (lamp, airplane, and electricity) relate to transportation or energy production, a bicycle is an object used for physical exercise rather than transportation."
cable,fruit,terrace,jeans,R,w2,0,"The word that does not belong is ""terrace"". While all the other words (cable, fruit, and jeans) can be associated with outdoor activities or environments, a terrace is typically an indoor feature of a building or home. Additionally, while cables and fruits are physical objects, jeans are a type of clothing, whereas a terrace is more of a space or location."
wind,rain,mud,blue,R,"w3, w4",1,"The word ""blue"" does not belong to this group because it is associated with color while the other three words (wind, rain, and mud) are related to weather or natural phenomena."
road,table,socks,tiger,R,w4,0,"Sure! I would be happy to play this game with you. After analyzing the given words, I believe that ""table"" is the one that doesn't belong. The reason for this is that all the other three words (road, socks, and tiger) are objects or animals related to transportation, clothing, or nature respectively, whereas a table is an object used primarily for holding things or serving food. Therefore, it does not fit into any of these categories and hence doesn't belong in this list."
ant,electricity,bottle,youtube,R,"w1, w4",1,"The word ""ant"" does not belong because it is a living organism while the other three (electricity, bottle, and YouTube) are inanimate objects or concepts."